src_id,abbrev,commissie,opmerking
rekenkamer__kamerstuk:2012:02:13:beantwoording-kamervragen-over-het-rapport-kosten-jeugdbescherming-en-jeugdreclassering,FIN,Vaste commissie voor Financiën en de Rijksuitgaven,
rekenkamer__kamerstuk:2012:03:13:beantwoording-kamervragen-over-het-rapport-vastgoed-van-het-rijk-volume-en-waarde,FIN,Vaste commissie voor Financiën en de Rijksuitgaven,
rekenkamer__kamerstuk:2012:05:03:beantwoording-kamervragen-over-het-rapport-prestaties-in-de-strafrechtketen,JenV,Vaste commissie voor Veiligheid en Justitie,
rekenkamer__kamerstuk:2012:05:16:beantwoording-kamervragen-bij-het-rapport-bij-het-jaarverslag-2011-van-de-nationale-schuld,FIN,,
rekenkamer__kamerstuk:2012:06:11:beantwoording-kamervragen-over-het-rapport-bij-het-jaarverslag-2011-van-het-ministerie-van-defensie,DEF,Vaste commissie voor Defensie,
rekenkamer__kamerstuk:2012:06:11:beantwoording-kamervragen-rapport-bij-het-jaarverslag-2011-van-het-ministerie-van-algemene-zaken,BZK,Vaste commissie voor Binnenlandse Zaken,
rekenkamer__kamerstuk:2012:06:11:beantwoording-vragen-tweede-kamer-bij-het-rapport-bij-het-jaarverslag-2011-van-het-ministerie-van-financien,FIN,,
rekenkamer__kamerstuk:2012:09:10:beantwoording-kamervragen-over-het-rapport-geldstromen-in-het-hoger-beroepsonderwijs-in-2010,OCW,"Vaste commissie voor Onderwijs, Cultuur en Wetenschap",
rekenkamer__kamerstuk:2012:09:14:beantwoording-kamervragen-over-het-rapport-publieke-organisaties-en-private,"EZK,IenW,OCW",,zie: https://www.rekenkamer.nl/documenten/2012/06/20/publieke-organisaties-en-private-activiteiten
rekenkamer__kamerstuk:2012:09:27:beantwoording-kamervragen-over-het-rapport-risico%E2%80%99s-voor-de-overheidsfinancien,FIN,Vaste commissie voor Financiën en de Rijksuitgaven,
rekenkamer__kamerstuk:2012:10:25:beantwoording-kamervragen-bij-het-rapport-centra-voor-jeugd-en-gezin-in-gemeenten,VWS,,
rekenkamer__kamerstuk:2012:12:03:beantwoording-kamervragen-over-het-rapport-handhaving-europese-regels-voor-afvaltransport,FIN,Vaste commissie voor Financiën en de Rijksuitgaven,
rekenkamer__kamerstuk:2013:02:01:beantwoording-kamervragen-op-de-kamerbrief-vastgoedplan-defensie,DEF,Vaste commissie voor Defensie,
rekenkamer__kamerstuk:2013:02:14:beantwoording-kamervragen-over-het-rapport-uitstapkosten-joint-strike-fighter,DEF,Vaste commissie voor Defensie,
rekenkamer__kamerstuk:2013:03:01:beantwoording-kamervragen-op-het-rapport-aanpassing-aan-klimaatverandering-strategie-en-beeld,IenW,Vaste commissie voor Infrastructuur en Milieu,
rekenkamer__kamerstuk:2013:04:17:beantwoording-kamervragen-over-het-rapport-bezuinigingen-op-uitvoeringsorganisaties,FIN,Vaste commissie voor Financiën en de Rijksuitgaven,
rekenkamer__kamerstuk:2013:04:18:beantwoording-kamervragen-over-het-eu-trendrapport-2013,?,Commissie voor de Rijksuitgaven,
rekenkamer__kamerstuk:2013:06:07:beantwoording-kamervragen-over-het-rapport-bij-het-jaarverslag-2012-van-het-ministerie-van-defensie,DEF,Vaste commissie voor Defensie,
rekenkamer__kamerstuk:2013:06:07:beantwoording-kamervragen-over-het-rapport-bij-het-jaarverslag-2012-van-het-ministerie-van-ez,EZK,Vaste commissie voor Economische Zaken,
rekenkamer__kamerstuk:2013:06:07:beantwoording-kamervragen-over-het-rapport-bij-het-jaarverslag-2012-van-het-ministerie-van-financien,FIN,Vaste commissie voor Financiën,
rekenkamer__kamerstuk:2013:06:07:beantwoording-kamervragen-over-het-rapport-bij-het-jaarverslag-2012-van-het-ministerie-van-ocw,OCW,"Vaste commissie voor Onderwijs, Cultuur en Wetenschap",
rekenkamer__kamerstuk:2013:06:07:beantwoording-kamervragen-over-het-rapport-bij-het-jaarverslag-2012-van-het-ministerie-van-venj,JenV,Vaste commissie voor Veiligheid en Justitie,
rekenkamer__kamerstuk:2013:06:11:beantwoording-kamervragen-over-het-rapport-staat-van-de-rijksverantwoording-2012,RIJKS,Commissie voor de Rijksuitgaven,
rekenkamer__kamerstuk:2013:09:03:beantwoording-kamervragen-over-het-rapport-effectiviteitsonderzoek-bij-de-rijksoverheid-vervolgonderzoek,RIJKS,Commissie voor de Rijksuitgaven,
rekenkamer__kamerstuk:2013:11:04:beantwoording-kamervragen-over-het-rapport-validering-nota-in-het-belang-van-nederland,FIN,Vaste commissie voor Financiën en de Rijksuitgaven,
rekenkamer__kamerstuk:2013:12:10:beantwoording-kamervragen-over-de-kamerbrief-input-voor-rondetafelgesprek-modernisering-comptabiliteitswet,FIN,Vaste commissie voor Financiën en de Rijksuitgaven,
rekenkamer__kamerstuk:2014:02:04:beantwoording-kamervragen-over-de-kamerbrief-aandachtspunten-overheveling-buitenonderhoud-en-aanpassing-schoolgebouwen,DEF,Vaste commissie voor Defensie,
rekenkamer__kamerstuk:2014:04:02:beantwoording-kamervragen-over-de-kamerbrief-programma-speer-van-ministerie-van-defensie,DEF,Vaste commissie voor Defensie,
rekenkamer__kamerstuk:2014:04:03:beantwoording-kamervragen-over-het-eu-trendrapport-2014,?,Vaste commissie voor Financiën en de Rijksuitgaven,
rekenkamer__kamerstuk:2014:04:15:beantwoording-kamervragen-over-het-rapport-bezuiniging-op-de-zorgtoeslag,VWS,,
rekenkamer__kamerstuk:2014:05:26:beantwoording-kamervragen-over-het-rapport-bestrijden-witwassen-stand-van-zaken-2013,FIN,Vaste commissie voor Financiën en de Rijksuitgaven,
rekenkamer__kamerstuk:2014:06:06:beantwoording-kamervraag-over-het-rapport-bij-de-nationale-verklaring-2014,RIJKS,Vaste commissie voor Financiën en de Rijksuitgaven,
rekenkamer__kamerstuk:2014:06:11:beantwoording-kamervragen-over-het-rapport-resultaten-verantwoordingsonderzoek-2013-bij-het-ministerie-van-volksgezondheid-welzijn-en-sport,VWS,"Vaste commissie voor Volksgezondheid, Welzijn en Sport",
rekenkamer__kamerstuk:2014:06:13:beantwoording-kamervragen-over-het-rapport-resultaten-verantwoordingsonderzoek-2013-bij-het-ministerie-van-defensie,DEF,Vaste commissie voor Defensie,
rekenkamer__kamerstuk:2014:06:13:beantwoording-kamervragen-over-het-rapport-resultaten-verantwoordingsonderzoek-2013-bij-het-ministerie-van-financien,FIN,Vaste commissie voor Financiën,
rekenkamer__kamerstuk:2014:06:13:beantwoording-kamervragen-over-het-rapport-resultaten-verantwoordingsonderzoek-2013-bij-het-ministerie-van-infrastructuur-en-milieu,IenW,Vaste commissie voor Infrastructuur en Milieu,
rekenkamer__kamerstuk:2014:06:13:beantwoording-kamervragen-over-het-rapport-resultaten-verantwoordingsonderzoek-2013-bij-het-ministerie-van-onderwijs-cultuur-en-wetenschap,OCW,"Vaste commissie voor Onderwijs, Cultuur en Wetenschap",
rekenkamer__kamerstuk:2014:06:13:beantwoording-kamervragen-over-het-rapport-resultaten-verantwoordingsonderzoek-2013-bij-het-ministerie-van-sociale-zaken-en-werkgelegenheid,SZW,Vaste commissie voor Sociale Zaken en Werkgelegenheid,
rekenkamer__kamerstuk:2014:06:13:beantwoording-kamervragen-over-het-rapport-resultaten-verantwoordingsonderzoek-2013-bij-het-ministerie-van-veiligheid-en-justitie,JenV,Vaste commissie voor Veiligheid en Justitie,
rekenkamer__kamerstuk:2014:06:13:beantwoording-kamervragen-over-het-rapport-staat-van-de-rijksverantwoording-2013,RIJKS,Vaste commissie voor Financiën en de Rijksuitgaven,
rekenkamer__kamerstuk:2014:08:25:beantwoording-kamervragen-over-het-rapport-bezuiniging-op-de-kinderopvangtoeslag,SZW,,
rekenkamer__kamerstuk:2014:10:28:beantwoording-kamervragen-over-de-kamerbrief-aandachtspunten-bij-de-begroting-2015-ministerie-van-defensie,DEF,Vaste commissie voor Defensie,
rekenkamer__kamerstuk:2015:02:26:beantwoording-kamervragen-over-het-rapport-belastingontwijking,FIN,Vaste commissie voor Financiën,
rekenkamer__kamerstuk:2015:04:22:beantwoording-kamervragen-over-het-rapport-bezuiniging-op-cultuur,OCW,,
rekenkamer__kamerstuk:2015:05:20:beantwoording-kamervragen-over-de-webpublicatie-belastinguitgaven-en-milieueffecten,FIN,Vaste commissie voor Financiën en de Rijksuitgaven,
rekenkamer__kamerstuk:2015:05:28:beantwoording-kamervragen-over-het-rapport-de-staat-als-aandeelhouder,FIN,,
rekenkamer__kamerstuk:2015:06:03:beantwoording-kamervragen-over-het-trendrapport-open-data-2015,FIN,Vaste commissie voor Financiën en de Rijksuitgaven,
rekenkamer__kamerstuk:2016:04:28:beantwoording-kamervragen-over-het-rapport-intensivering-toezicht-en-invordering-bij-de-belastingdienst,FIN,,
rekenkamer__kamerstuk:2016:05:12:beantwoording-kamervragen-over-het-rapport-begrotingsreserves,FIN,,
rekenkamer__kamerstuk:2016:06:06:beantwoording-kamervragen-over-het-rapport-bij-de-nationale-verklaring-2016,RIJKS,Vaste commissie voor Financiën en de Rijksuitgaven,
rekenkamer__kamerstuk:2016:06:06:beantwoording-kamervragen-over-het-rapport-resultaten-verantwoordingsonderzoek-2015-bij-het-ministerie-van-binnenlandse-zaken-en-koninkrijksrelaties,BZK,Vaste commissie voor Binnenlandse Zaken,
rekenkamer__kamerstuk:2016:06:06:beantwoording-kamervragen-over-het-rapport-resultaten-verantwoordingsonderzoek-2015-bij-het-ministerie-van-economische-zaken-en-diergezondheidsfonds,EZ,Vaste commissie voor Economische Zaken,
rekenkamer__kamerstuk:2016:06:06:beantwoording-kamervragen-over-het-rapport-resultaten-verantwoordingsonderzoek-2015-bij-het-ministerie-van-financien-en-nationale-schuld,FIN,Vaste commissie voor Financiën,
rekenkamer__kamerstuk:2016:06:06:beantwoording-kamervragen-over-het-rapport-resultaten-verantwoordingsonderzoek-2015-bij-het-ministerie-van-infrastructuur-en-milieu,IenW,Vaste commissie voor Infrastructuur en Milieu,
rekenkamer__kamerstuk:2016:06:06:beantwoording-kamervragen-over-het-rapport-resultaten-verantwoordingsonderzoek-2015-bij-het-ministerie-van-onderwijs-cultuur-en-wetenschap,OCW,Vaste commissie voor Defensie,
rekenkamer__kamerstuk:2016:06:06:beantwoording-kamervragen-over-het-rapport-resultaten-verantwoordingsonderzoek-2015-bij-wonen-en-rijksdienst,RIJKS,,
rekenkamer__kamerstuk:2016:06:07:beantwoording-kamervragen-over-het-rapport-resultaten-verantwoordingsonderzoek-2015-bij-het-ministerie-van-defensie,DEF,Vaste commissie voor Defensie,
rekenkamer__kamerstuk:2016:06:08:beantwoording-kamervragen-over-de-staat-van-de-rijksverantwoording-2015,RIJKS,Vaste commissie voor Financiën,
rekenkamer__kamerstuk:2016:06:08:beantwoording-kamervragen-over-het-rapport-resultaten-verantwoordingsonderzoek-2015-bij-het-ministerie-van-veiligheid-en-justitie,FIN,Vaste commissie voor Financiën,
rekenkamer__kamerstuk:2016:06:09:beantwoording-kamervragen-op-het-rapport-resultaten-verantwoordingsonderzoek-2015-bij-het-ministerie-van-vws,VWS,"Vaste commissie voor Volksgezondheid, Welzijn en Sport",
rekenkamer__kamerstuk:2016:06:20:beantwoording-kamervragen-over-het-rapport-aanpak-van-laaggeletterdheid-kopie,DEF,Vaste commissie voor Defensie,
rekenkamer__kamerstuk:2017:06:01:beantwoording-kamervragen-over-het-rapport-zicht-op-belastingverlichtende-regelingen,FIN,Vaste commissie voor Financiën,
rekenkamer__kamerstuk:2017:06:08:beantwoording-vragen-tweede-kamer-over-de-resultaten-verantwoordingsonderzoek-2016-bij-de-koning,BZK,Vaste commissie voor Binnenlandse Zaken,
rekenkamer__kamerstuk:2017:06:08:beantwoording-vragen-tweede-kamer-over-de-resultaten-verantwoordingsonderzoek-2016-bij-de-overige-hoge-colleges-van-staat-en-kabinetten-van-de-gouverneurs,BZK,Vaste commissie voor Binnenlandse Zaken,
rekenkamer__kamerstuk:2017:06:08:beantwoording-vragen-tweede-kamer-over-de-resultaten-verantwoordingsonderzoek-2016-bij-de-staten-generaal,BZK,Vaste commissie voor Binnenlandse Zaken,
rekenkamer__kamerstuk:2017:06:08:beantwoording-vragen-tweede-kamer-over-de-resultaten-verantwoordingsonderzoek-2016-bij-het-ministerie-van-economische-zaken,EZ,Vaste commissie voor Economische Zaken,
rekenkamer__kamerstuk:2017:06:08:beantwoording-vragen-tweede-kamer-over-de-resultaten-verantwoordingsonderzoek-2016-bij-het-ministerie-van-infrastructuur-en-milieu,IenW,Vaste commissie voor Infrastructuur en Milieu,
rekenkamer__kamerstuk:2017:06:08:beantwoording-vragen-tweede-kamer-over-de-resultaten-verantwoordingsonderzoek-2016-bij-het-ministerie-van-ocw,OCW,Vaste commissie voor Defensie,
rekenkamer__kamerstuk:2017:06:08:beantwoording-vragen-tweede-kamer-over-de-resultaten-verantwoordingsonderzoek-2016-bij-het-ministerie-van-szw,SZW,,
rekenkamer__kamerstuk:2017:06:08:beantwoording-vragen-tweede-kamer-over-de-resultaten-verantwoordingsonderzoek-2016-bij-het-ministerie-van-veiligheid-en-justitie,JenV,Vaste commissie voor Veiligheid en Justitie,
rekenkamer__kamerstuk:2017:06:12:beantwoording-vragen-tweede-kamer-over-de-resultaten-verantwoordingsonderzoek-2016-bij-het-ministerie-van-financien,FIN,Vaste commissie voor Financiën,
rekenkamer__kamerstuk:2017:06:12:beantwoording-vragen-tweede-kamer-over-de-resultaten-verantwoordingsonderzoek-2016-de-staat-van-de-rijksverantwoording,FIN,Vaste commissie voor Financiën,
rekenkamer__kamerstuk:2017:06:12:beantwoording-vragen-tweede-kamer-over-het-rapport-bij-de-nationale-verklaring-2017,RIJKS,Vaste commissie voor Financiën,
rekenkamer__kamerstuk:2017:06:13:beantwoording-vragen-tweede-kamer-over-de-resultaten-verantwoordingsonderzoek-2016-bij-het-ministerie-van-bzk,BZK,Vaste commissie voor Binnenlandse Zaken,
rekenkamer__kamerstuk:2017:06:13:beantwoording-vragen-tweede-kamer-over-de-resultaten-verantwoordingsonderzoek-2016-bij-het-ministerie-van-vws,VWS,,
rekenkamer__kamerstuk:2017:06:13:beantwoording-vragen-tweede-kamer-over-de-resultaten-verantwoordingsonderzoek-2016-wonen-en-rijksdienst,BZK,Vaste commissie voor Wonen en Ruimtelijke Ordening,
rekenkamer__kamerstuk:2018:04:23:beantwoording-vragen-tweede-kamer-bij-rapport-vastgoed-universiteiten,DEF,Vaste commissie voor Defensie,
rekenkamer__kamerstuk:2018:06:05:beantwoording-vragen-tweede-kamer-over-de-resultaten-verantwoordingsonderzoek-2017-bij-het-ministerie-van-economische-zaken-commissie-ezk,EZK,Vaste commissie voor Economische Zaken en Klimaat,
rekenkamer__kamerstuk:2018:06:05:beantwoording-vragen-tweede-kamer-over-de-resultaten-verantwoordingsonderzoek-2017-bij-het-ministerie-van-economische-zaken-commissie-lnv,LNV,Vaste commissie voor Financiën,
rekenkamer__kamerstuk:2018:06:05:beantwoording-vragen-tweede-kamer-over-de-resultaten-verantwoordingsonderzoek-2017-bij-het-ministerie-van-financien-en-nationale-schuld,FIN,Vaste commissie voor Financiën,
rekenkamer__kamerstuk:2018:06:05:beantwoording-vragen-tweede-kamer-over-de-resultaten-verantwoordingsonderzoek-2017-bij-het-ministerie-van-ienm,IenW,,
rekenkamer__kamerstuk:2018:06:05:beantwoording-vragen-tweede-kamer-over-de-resultaten-verantwoordingsonderzoek-2017-bij-het-ministerie-van-szw,SZW,Vaste commissie voor Financiën,
rekenkamer__kamerstuk:2018:06:07:beantwoording-vragen-tweede-kamer-over-de-resultaten-verantwoordingsonderzoek-2017-bij-het-ministerie-van-justitie-en-veiligheid,JenV,Vaste commissie voor Justitie en Veiligheid,
rekenkamer__kamerstuk:2018:06:07:beantwoording-vragen-tweede-kamer-over-de-resultaten-verantwoordingsonderzoek-2017-bij-het-ministerie-van-vws,VWS,"Vaste commissie voor Volksgezondheid, Welzijn en Sport",
rekenkamer__kamerstuk:2018:06:08:beantwoording-vragen-tweede-kamer-over-de-resultaten-verantwoordingsonderzoek-2017-bij-het-ministerie-van-onderwijs-cultuur-en-wetenschap,OCW,Vaste commissie voor Defensie,
rekenkamer__kamerstuk:2018:06:11:beantwoording-kamervragen-adviescommissie-verslaggevingsstelsel-rijksoverheid,FIN,Vaste commissie voor Financiën,
rekenkamer__kamerstuk:2018:06:13:beantwoording-vragen-tweede-kamer-over-de-resultaten-verantwoordingsonderzoek-2017-bij-het-jaarverslag-van-het-gemeentefonds,BZK,Vaste commissie voor Binnenlandse Zaken,
rekenkamer__kamerstuk:2018:06:13:beantwoording-vragen-tweede-kamer-over-de-resultaten-verantwoordingsonderzoek-2017-bij-het-jaarverslag-van-wonen-en-rijksdienst,BZK,Vaste commissie voor Binnenlandse Zaken,
rekenkamer__kamerstuk:2018:06:13:beantwoording-vragen-tweede-kamer-over-de-resultaten-verantwoordingsonderzoek-2017-de-staat-van-de-rijksverantwoording,RIJKS,Vaste commissie voor Financiën,
rekenkamer__kamerstuk:2018:06:13:beantwoording-vragen-tweede-kamer-over-het-rapport-bij-de-nationale-verklaring-2018,RIJKS,Vaste commissie voor Financiën,
rekenkamer__kamerstuk:2018:06:14:beantwoording-vragen-tweede-kamer-over-de-resultaten-verantwoordingsonderzoek-2017-bij-het-jaarverslag-van-het-ministerie-van-binnenlandse-zaken-en-koninkrijksrelaties,BZK,Vaste commissie voor Binnenlandse Zaken,
rekenkamer__kamerstuk:2018:06:19:beantwoording-vragen-tweede-kamer-over-de-resultaten-verantwoordingsonderzoek-2017-bij-het-ministerie-van-defensie,DEF,Vaste commissie voor Defensie,
rekenkamer__kamerstuk:2019:01:23:beantwoording-vragen-tweede-kamer-over-het-rapport-brexit,FIN,Vaste commissie voor Financiën,
rekenkamer__kamerstuk:2019:06:05:beantwoording-vraag-tweede-kamer-over-de-resultaten-verantwoordingsonderzoek-2018-bij-koninkrijksrelaties,BZK,Vaste commissie voor Koninkrijksrelaties,
rekenkamer__kamerstuk:2019:06:05:beantwoording-vragen-tweede-kamer-over-de-resultaten-verantwoordingsonderzoek-2018-bij-het-ministerie-van-bzk,BZK,Vaste commissie voor Binnenlandse Zaken,
rekenkamer__kamerstuk:2019:06:05:beantwoording-vragen-tweede-kamer-over-de-resultaten-verantwoordingsonderzoek-2018-bij-het-ministerie-van-economische-zaken-en-klimaat-xiii-ministerie-van-landbouw-natuur-en-voedselkwaliteit-en-diergezondheidsfonds,EZK,Vaste commissie voor Economische Zaken en Klimaat,
rekenkamer__kamerstuk:2019:06:05:beantwoording-vragen-tweede-kamer-over-de-resultaten-verantwoordingsonderzoek-2018-bij-het-ministerie-van-financien-en-nationale-schuld,FIN,Vaste commissie voor Financiën,
rekenkamer__kamerstuk:2019:06:05:beantwoording-vragen-tweede-kamer-over-de-resultaten-verantwoordingsonderzoek-2018-bij-het-ministerie-van-infrastructuur-en-waterstaat,IenW,Vaste commissie voor Infrastructuur en Waterstaat,
rekenkamer__kamerstuk:2019:06:05:beantwoording-vragen-tweede-kamer-over-de-resultaten-verantwoordingsonderzoek-2018-bij-het-ministerie-van-jenv,DEF,Vaste commissie voor Defensie,
rekenkamer__kamerstuk:2019:06:05:beantwoording-vragen-tweede-kamer-over-de-resultaten-verantwoordingsonderzoek-2018-bij-het-ministerie-van-justitie-en-veiligheid,JenV,Vaste commissie voor Justitie en Veiligheid,
rekenkamer__kamerstuk:2019:06:05:beantwoording-vragen-tweede-kamer-over-de-resultaten-verantwoordingsonderzoek-2018-bij-het-ministerie-van-szw,SZW,,
rekenkamer__kamerstuk:2019:06:05:beantwoording-vragen-tweede-kamer-over-de-resultaten-verantwoordingsonderzoek-2018-bij-het-ministerie-van-vws,VWS,"Vaste commissie voor Volksgezondheid, Welzijn en Sport",
rekenkamer__kamerstuk:2019:06:11:beantwoording-vragen-tweede-kamer-over-de-resultaten-verantwoordingsonderzoek-2018-bij-het-ministerie-van-ocw,OCW,Vaste commissie voor Defensie,
rekenkamer__kamerstuk:2019:06:11:beantwoording-vragen-tweede-kamer-over-de-resultaten-verantwoordingsonderzoek-2018-de-staat-van-de-rijksverantwoording-2018,RIJKS,Vaste commissie voor Financiën,
rekenkamer__kamerstuk:2019:06:12:beantwoording-vragen-tweede-kamer-over-de-resultaten-verantwoordingsonderzoek-2018-lnv,EZK,Vaste commissie voor Financiën,
rekenkamer__kamerstuk:2019:10:21:beantwoording-vragen-tweede-kamer-over-het-rapport-mestvervuiling-veehouderij-vervolgonderzoek-duurzaamheid-veehouderij-2019,FIN,Vaste commissie voor Financiën,
rekenkamer__kamerstuk:2020:01:21:beantwoording-vragen-over-het-rapport-ouderdomsregelingen-ontleed,SZW,,
rekenkamer__kamerstuk:2020:02:06:beantwoording-vragen-tweede-kamer-over-het-rapport-autobelastingen-als-beleidsinstrument,FIN,Vaste commissie voor Financiën,
rekenkamer__kamerstuk:2020:02:13:beantwoording-vragen-tweede-kamer-over-het-rapport-hilversum-in-beeld,DEF,Vaste commissie voor Defensie,
rekenkamer__kamerstuk:2020:06:10:beantwoording-vragen-tweede-kamer-over-de-resultaten-verantwoordingsonderzoek-2019-bij-de-koning,BZK,Vaste commissie voor Binnenlandse Zaken,
rekenkamer__kamerstuk:2020:06:10:beantwoording-vragen-tweede-kamer-over-de-resultaten-verantwoordingsonderzoek-2019-bij-het-ministerie-van-bzk,BZK,Vaste commissie voor Binnenlandse Zaken,
rekenkamer__kamerstuk:2020:06:10:beantwoording-vragen-tweede-kamer-over-de-resultaten-verantwoordingsonderzoek-2019-bij-het-ministerie-van-economische-zaken-en-klimaat,EZK,,
rekenkamer__kamerstuk:2020:06:10:beantwoording-vragen-tweede-kamer-over-de-resultaten-verantwoordingsonderzoek-2019-bij-het-ministerie-van-financien-en-nationale-schuld,FIN,Vaste commissie voor Financiën,
rekenkamer__kamerstuk:2020:06:10:beantwoording-vragen-tweede-kamer-over-de-resultaten-verantwoordingsonderzoek-2019-bij-het-ministerie-van-justitie-en-veiligheid,JenV,Vaste commissie voor Justitie en Veiligheid,
rekenkamer__kamerstuk:2020:06:10:beantwoording-vragen-tweede-kamer-over-de-resultaten-verantwoordingsonderzoek-2019-bij-het-ministerie-van-ocw,OCW,Vaste commissie voor Defensie,
rekenkamer__kamerstuk:2020:06:10:beantwoording-vragen-tweede-kamer-over-de-resultaten-verantwoordingsonderzoek-2019-bij-het-ministerie-van-szw,SZW,Vaste commissie voor Sociale Zaken en Werkgelegenheid,
rekenkamer__kamerstuk:2020:06:10:beantwoording-vragen-tweede-kamer-over-de-resultaten-verantwoordingsonderzoek-2019-bij-het-ministerie-van-vws,VWS,"Vaste commissie voor Volksgezondheid, Welzijn en Sport",
rekenkamer__kamerstuk:2020:06:10:beantwoording-vragen-tweede-kamer-over-de-resultaten-verantwoordingsonderzoek-2019-de-staat-van-de-rijksverantwoording-2019,RIJKS,Vaste commissie voor Financiën,
rekenkamer__kamerstuk:2020:06:10:beantwoording-vragen-tweede-kamer-over-deresultaten-verantwoordingsonderzoek-2019-bij-het-ministerie-van-lnv,LNV,"Vaste commissie voor Landbouw, Natuur en Voedselkwaliteit",
rekenkamer__kamerstuk:2021:06:08:beantwoording-vragen-tweede-kamer-over-de-resultaten-verantwoordingsonderzoek-2020-bij-de-staat-van-de-rijksverantwoording,FIN,Vaste commissie voor Financiën en de Rijksuitgaven,
rekenkamer__kamerstuk:2021:06:08:beantwoording-vragen-tweede-kamer-over-de-resultaten-verantwoordingsonderzoek-2020-bij-het-ministerie-van-bzkk,BZK,Vaste commissie voor Binnenlandse Zaken,
rekenkamer__kamerstuk:2021:06:08:beantwoording-vragen-tweede-kamer-over-de-resultaten-verantwoordingsonderzoek-2020-bij-het-ministerie-van-defensie,DEF,Vaste commissie voor Defensie,
rekenkamer__kamerstuk:2021:06:08:beantwoording-vragen-tweede-kamer-over-de-resultaten-verantwoordingsonderzoek-2020-bij-het-ministerie-van-ezk,EZK,Vaste commissie voor Economische Zaken en Klimaat,
rekenkamer__kamerstuk:2021:06:08:beantwoording-vragen-tweede-kamer-over-de-resultaten-verantwoordingsonderzoek-2020-bij-het-ministerie-van-financien-en-nationale-schuld,FIN,Vaste commissie voor Financiën,
rekenkamer__kamerstuk:2021:06:08:beantwoording-vragen-tweede-kamer-over-de-resultaten-verantwoordingsonderzoek-2020-bij-het-ministerie-van-ienw,IenW,Vaste commissie voor Infrastructuur en Waterstaat,
rekenkamer__kamerstuk:2021:06:08:beantwoording-vragen-tweede-kamer-over-de-resultaten-verantwoordingsonderzoek-2020-bij-het-ministerie-van-justitie-en-veiligheid,JenV,Vaste commissie voor Justitie en Veiligheid,
rekenkamer__kamerstuk:2021:06:08:beantwoording-vragen-tweede-kamer-over-de-resultaten-verantwoordingsonderzoek-2020-bij-het-ministerie-van-lnv,LNV,"Vaste commissie voor Landbouw, Natuur en Voedselkwaliteit",
rekenkamer__kamerstuk:2021:06:08:beantwoording-vragen-tweede-kamer-over-de-resultaten-verantwoordingsonderzoek-2020-bij-het-ministerie-van-ocw,OCW,Vaste commissie voor Klimaat en Energie,
rekenkamer__kamerstuk:2021:06:08:beantwoording-vragen-tweede-kamer-over-de-resultaten-verantwoordingsonderzoek-2020-bij-het-ministerie-van-szw,SZW,Vaste commissie voor Sociale Zaken en Werkgelegenheid,
rekenkamer__kamerstuk:2021:06:08:beantwoording-vragen-tweede-kamer-over-de-resultaten-verantwoordingsonderzoek-2020-bij-het-ministerie-van-vws,VWS,"Vaste commissie voor Volksgezondheid, Welzijn en Sport",
rekenkamer__kamerstuk:2022:06:07:beantwoording-vragen-tweede-kamer-over-de-resultaten-verantwoordingsonderzoek-2021-bij-bhos,BZ,Vaste commissie voor Buitenlandse Handel en Ontwikkelingssamenwerking,
rekenkamer__kamerstuk:2022:06:07:beantwoording-vragen-tweede-kamer-over-de-resultaten-verantwoordingsonderzoek-2021-bij-de-koning,BZK,Vaste commissie voor Binnenlandse Zaken,
rekenkamer__kamerstuk:2022:06:07:beantwoording-vragen-tweede-kamer-over-de-resultaten-verantwoordingsonderzoek-2021-bij-het-ministerie-van-buitenlandse-zaken,BZ,Vaste commissie voor Buitenlandse Zaken,
rekenkamer__kamerstuk:2022:06:07:beantwoording-vragen-tweede-kamer-over-de-resultaten-verantwoordingsonderzoek-2021-bij-het-ministerie-van-bzk,BZK,Vaste commissie voor Binnenlandse Zaken,
rekenkamer__kamerstuk:2022:06:07:beantwoording-vragen-tweede-kamer-over-de-resultaten-verantwoordingsonderzoek-2021-bij-het-ministerie-van-financien-en-nationale-schuld,FIN,Vaste commissie voor Financiën,
rekenkamer__kamerstuk:2022:06:07:beantwoording-vragen-tweede-kamer-over-de-resultaten-verantwoordingsonderzoek-2021-bij-het-ministerie-van-ienw,IenW,Vaste commissie voor Infrastructuur en Waterstaat,
rekenkamer__kamerstuk:2022:06:07:beantwoording-vragen-tweede-kamer-over-de-resultaten-verantwoordingsonderzoek-2021-bij-het-ministerie-van-justitie-en-veiligheid,JenV,Vaste commissie voor Justitie en Veiligheid,
rekenkamer__kamerstuk:2022:06:07:beantwoording-vragen-tweede-kamer-over-de-resultaten-verantwoordingsonderzoek-2021-bij-het-ministerie-van-szw,SZW,Vaste commissie voor Sociale Zaken en Werkgelegenheid,
rekenkamer__kamerstuk:2022:06:07:beantwoording-vragen-tweede-kamer-over-de-resultaten-verantwoordingsonderzoek-2021-koninkrijksrelaties-en-bes-fonds,BZK,Vaste commissie voor Koninkrijksrelaties,
rekenkamer__kamerstuk:2022:06:07:beantwoording-vragen-tweede-kamer-over-deresultaten-verantwoordingsonderzoek-2021-bij-het-ministerie-van-lnv,LNV,"Vaste commissie voor Landbouw, Natuur en Voedselkwaliteit",
rekenkamer__kamerstuk:2022:06:08:beantwoording-vragen-tweede-kamer-over-de-resultaten-verantwoordingsonderzoek-2021-bij-het-ministerie-van-ezk,EZK,,
rekenkamer__kamerstuk:2022:06:08:beantwoording-vragen-tweede-kamer-over-de-resultaten-verantwoordingsonderzoek-2021-bij-het-ministerie-van-ocw,OCW,"Vaste commissie voor Onderwijs, Cultuur en Wetenschap",
rekenkamer__kamerstuk:2022:06:08:beantwoording-vragen-tweede-kamer-over-de-resultaten-verantwoordingsonderzoek-2021-bij-het-ministerie-van-vws,VWS,,
rekenkamer__kamerstuk:2022:06:08:beantwoording-vragen-tweede-kamer-over-de-staat-van-de-rijksverantwoording-2021,RIJKS,Commissie voor de Rijksuitgaven,
rekenkamer__kamerstuk:2023:06:06:beantwoording-vragen-tweede-kamer-betreffende-overkoepelende---overige-vragen-die-betrekking-hebben-op-rapporten-resultaten-verantwoordingsonderzoek-2022,BZK,Vaste commissie voor Digitale Zaken,
rekenkamer__kamerstuk:2023:06:06:beantwoording-vragen-tweede-kamer-over-de-resultaten-verantwoordingsonderzoek-2022-bij-het-ministerie-van-defensie,DEF,Vaste commissie voor Defensie,
rekenkamer__kamerstuk:2023:06:06:beantwoording-vragen-tweede-kamer-over-de-resultaten-verantwoordingsonderzoek-2022-bij-het-ministerie-van-ezk,EZK,Vaste commissie voor Economische Zaken en Klimaat,
rekenkamer__kamerstuk:2023:06:06:beantwoording-vragen-tweede-kamer-over-de-resultaten-verantwoordingsonderzoek-2022-bij-het-ministerie-van-financien,FIN,Vaste commissie voor Financiën,
rekenkamer__kamerstuk:2023:06:06:beantwoording-vragen-tweede-kamer-over-de-resultaten-verantwoordingsonderzoek-2022-bij-het-ministerie-van-infrastructuur-en-waterstaat,IenW,Vaste commissie voor Infrastructuur en Waterstaat,
rekenkamer__kamerstuk:2023:06:06:beantwoording-vragen-tweede-kamer-over-de-resultaten-verantwoordingsonderzoek-2022-bij-het-ministerie-van-justitie-en-veiligheid,JenV,Vaste commissie voor Justitie en Veiligheid,
rekenkamer__kamerstuk:2023:06:06:beantwoording-vragen-tweede-kamer-over-de-resultaten-verantwoordingsonderzoek-2022-bij-het-ministerie-van-ocw,OCW,Vaste commissie voor Defensie,
rekenkamer__kamerstuk:2023:06:06:beantwoording-vragen-tweede-kamer-over-de-resultaten-verantwoordingsonderzoek-2022-bij-het-ministerie-van-szw,SZW,Vaste commissie voor Sociale Zaken en Werkgelegenheid,
rekenkamer__kamerstuk:2023:06:06:beantwoording-vragen-tweede-kamer-over-de-resultaten-verantwoordingsonderzoek-2022-bij-het-ministerie-van-vws,VWS,"Vaste commissie voor Volksgezondheid, Welzijn en Sport",
rekenkamer__kamerstuk:2023:06:06:beantwoording-vragen-tweede-kamer-over-de-resultaten-verantwoordingsonderzoek-2022-bij-koninkrijksrelaties-en-het-bes-fonds,BZK,Vaste commissie voor Koninkrijksrelaties,
rekenkamer__kamerstuk:2023:06:06:beantwoording-vragen-tweede-kamer-over-de-staat-van-de-rijksverantwoording-2022,RIJKS,Commissie voor de Rijksuitgaven,
rekenkamer__kamerstuk:2023:06:07:beantwoording-vragen-tweede-kamer-over-de-resultaten-verantwoordingsonderzoek-2022-bij-het-ministerie-van-buitenlandse-zaken,FIN,Vaste commissie voor Financiën,
rekenkamer__kamerstuk:2023:06:07:beantwoording-vragen-tweede-kamer-over-de-resultaten-verantwoordingsonderzoek-2022-bij-het-ministerie-van-lnv-en-diergezondheidsfonds,LNV,Vaste commissie voor Financiën,
rekenkamer__kamerstuk:2024:06:04:beantwoording-vragen-tweede-kamer-over-de-staat-van-de-rijksverantwoording-2023,RIJKS,Vaste commissie voor Financiën en de Rijksuitgaven,
rekenkamer__kamerstuk:2024:06:04:beantwoording-vragen-tweede-kamer-over-het-verantwoordingsonderoek-2023-bij-koninkrijksrelaties-en-het-bes-fonds,BZK,Vaste commissie voor Koninkrijksrelaties,
rekenkamer__kamerstuk:2024:06:04:beantwoording-vragen-tweede-kamer-over-het-verantwoordingsonderzoek-2023-bij-buitenlandse-handel-en-ontwikkelingssamenwerking,BZ,Vaste commissie voor Buitenlandse Handel en Ontwikkelingssamenwerking,
rekenkamer__kamerstuk:2024:06:04:beantwoording-vragen-tweede-kamer-over-het-verantwoordingsonderzoek-2023-bij-het-ministerie-van-binnenlandse-zaken-en-koninkrijksrelaties,BZK,Vaste commissie voor Binnenlandse Zaken,
rekenkamer__kamerstuk:2024:06:04:beantwoording-vragen-tweede-kamer-over-het-verantwoordingsonderzoek-2023-bij-het-ministerie-van-buitenlandse-zaken,BZ,Vaste commissie voor Buitenlandse Zaken,
rekenkamer__kamerstuk:2024:06:04:beantwoording-vragen-tweede-kamer-over-het-verantwoordingsonderzoek-2023-bij-het-ministerie-van-bzk-ezk,BZK,Vaste commissie voor Digitale Zaken,
rekenkamer__kamerstuk:2024:06:04:beantwoording-vragen-tweede-kamer-over-het-verantwoordingsonderzoek-2023-bij-het-ministerie-van-defensie,DEF,Vaste commissie voor Defensie,
rekenkamer__kamerstuk:2024:06:04:beantwoording-vragen-tweede-kamer-over-het-verantwoordingsonderzoek-2023-bij-het-ministerie-van-economische-zaken-en-klimaat,EZK,Vaste commissie voor Economische Zaken en Klimaat,
rekenkamer__kamerstuk:2024:06:04:beantwoording-vragen-tweede-kamer-over-het-verantwoordingsonderzoek-2023-bij-het-ministerie-van-financien-en-nationale-schuld,FIN,Vaste commissie voor Financiën,
rekenkamer__kamerstuk:2024:06:04:beantwoording-vragen-tweede-kamer-over-het-verantwoordingsonderzoek-2023-bij-het-ministerie-van-infrastructuur-en-waterstaat,IenW,Vaste commissie voor Infrastructuur en Waterstaat,
rekenkamer__kamerstuk:2024:06:04:beantwoording-vragen-tweede-kamer-over-het-verantwoordingsonderzoek-2023-bij-het-ministerie-van-justitie-en-veiligheid,JenV,Vaste commissie voor Justitie en Veiligheid,
rekenkamer__kamerstuk:2024:06:04:beantwoording-vragen-tweede-kamer-over-het-verantwoordingsonderzoek-2023-bij-het-ministerie-van-lnv,LNV,"Vaste commissie voor Landbouw, Natuur en Voedselkwaliteit",
rekenkamer__kamerstuk:2024:06:04:beantwoording-vragen-tweede-kamer-over-het-verantwoordingsonderzoek-2023-bij-het-ministerie-van-onderwijs-cultuur-en-wetenschap,OCW,"Vaste commissie voor Onderwijs, Cultuur en Wetenschap",
rekenkamer__kamerstuk:2024:06:04:beantwoording-vragen-tweede-kamer-over-het-verantwoordingsonderzoek-2023-bij-het-ministerie-van-volksgezondheid-welzijn-en-sport,VWS,"Vaste commissie voor Volksgezondheid, Welzijn en Sport",
rekenkamer__kamerstuk:2024:06:04:beantwoording-vragen-tweede-kamer-over-het-verantwoordingsonderzoek-2023-bij-het-mobiliteitsfonds,IenW,Vaste commissie voor Infrastructuur en Waterstaat,
rekenkamer__kamerstuk:2025:06:10:beantwoording-vragen-tweede-kamer-over-de-staat-van-de-rijksverantwoording-2024,RIJKS,Vaste commissie voor Financiën en de Rijksuitgaven,
rekenkamer__kamerstuk:2025:06:10:beantwoording-vragen-tweede-kamer-over-het-verantwoordingsonderzoek-2024-bij-het-begrotingshoofdstuk-buitenlandse-handel-en-ontwikkelingssamenwerking,BZ,Vaste commissie voor Buitenlandse Handel en Ontwikkelingssamenwerking,
rekenkamer__kamerstuk:2025:06:10:beantwoording-vragen-tweede-kamer-over-het-verantwoordingsonderzoek-2024-bij-het-ministerie-van-binnenlandse-zaken-en-koninkrijksrelaties,BZK,Vaste commissie voor Digitale Zaken,
rekenkamer__kamerstuk:2025:06:10:beantwoording-vragen-tweede-kamer-over-het-verantwoordingsonderzoek-2024-bij-het-ministerie-van-binnenlandse-zaken-en-koninkrijksrelaties-2,BZK,Vaste commissie voor Volkshuisvesting en Ruimtelijke Ordening,
rekenkamer__kamerstuk:2025:06:10:beantwoording-vragen-tweede-kamer-over-het-verantwoordingsonderzoek-2024-bij-het-ministerie-van-buitenlandse-zaken,BZ,Vaste commissie voor Buitenlandse Zaken,
rekenkamer__kamerstuk:2025:06:10:beantwoording-vragen-tweede-kamer-over-het-verantwoordingsonderzoek-2024-bij-het-ministerie-van-defensie-en-het-defensiematerieelbegrotingsfonds,DEF,Vaste commissie voor Defensie,
rekenkamer__kamerstuk:2025:06:10:beantwoording-vragen-tweede-kamer-over-het-verantwoordingsonderzoek-2024-bij-het-ministerie-van-economische-zaken-en-klimaat,EZK,Vaste commissie voor Economische Zaken,
rekenkamer__kamerstuk:2025:06:10:beantwoording-vragen-tweede-kamer-over-het-verantwoordingsonderzoek-2024-bij-het-ministerie-van-financien,FIN,Vaste commissie voor Financiën,
rekenkamer__kamerstuk:2025:06:10:beantwoording-vragen-tweede-kamer-over-het-verantwoordingsonderzoek-2024-bij-het-ministerie-van-infrastructuur-en-waterstaat-xii-het-mobiliteitsfonds-a-en-het-deltafonds-j,IenW,Vaste commissie voor Infrastructuur en Waterstaat,
rekenkamer__kamerstuk:2025:06:10:beantwoording-vragen-tweede-kamer-over-het-verantwoordingsonderzoek-2024-bij-het-ministerie-van-justitie-en-veiligheid,JenV,Vaste commissie voor Justitie en Veiligheid,
rekenkamer__kamerstuk:2025:06:10:beantwoording-vragen-tweede-kamer-over-het-verantwoordingsonderzoek-2024-bij-het-ministerie-van-onderwijs-cultuur-en-wetenschap,OCW,"Vaste commissie voor Onderwijs, Cultuur en Wetenschap",
rekenkamer__kamerstuk:2025:06:10:beantwoording-vragen-tweede-kamer-over-het-verantwoordingsonderzoek-2024-bij-het-ministerie-van-szw,SZW,Vaste commissie voor Sociale Zaken en Werkgelegenheid,
rekenkamer__kamerstuk:2025:06:10:beantwoording-vragen-tweede-kamer-over-het-verantwoordingsonderzoek-2024-bij-het-ministerie-van-volksgezondheid-welzijn-en-sport,VWS,"Vaste commissie voor Volksgezondheid, Welzijn en Sport",
rekenkamer__kamerstuk:2025:06:10:beantwoording-vragen-tweede-kamer-over-het-verantwoordingsonderzoek-2024-bij-koninkrijksrelaties-en-het-bes-fonds,BZK,Vaste commissie voor Koninkrijksrelaties,
rekenkamer__kamerstuk:2025:06:19:beantwoording-vragen-tweede-kamer-over-het-verantwoordingsonderzoek-2024-bij-het-begrotingshoofdstuk-buitenlandse-handel-en-ontwikkelingssamenwerking,BZ,Vaste commissie voor Buitenlandse Handel en Ontwikkelingssamenwerking,
